/scratch/groups/rwr/joswong/CS230/VM-NET/data/video/001_frnt.mp4,glacier3
/scratch/groups/rwr/joswong/CS230/VM-NET/data/video/001_back.mp4,glacier3
/scratch/groups/rwr/joswong/CS230/VM-NET/data/video/002_frnt.mp4,surf
/scratch/groups/rwr/joswong/CS230/VM-NET/data/video/003_frnt.mp4,boats4
/scratch/groups/rwr/joswong/CS230/VM-NET/data/video/004_frnt.mp4,shark2
/scratch/groups/rwr/joswong/CS230/VM-NET/data/video/006_frnt.mp4,coral9
/scratch/groups/rwr/joswong/CS230/VM-NET/data/video/006_back.mp4,coral9
/scratch/groups/rwr/joswong/CS230/VM-NET/data/video/007_frnt.mp4,eyes2
/scratch/groups/rwr/joswong/CS230/VM-NET/data/video/008_frnt.mp4,people
/scratch/groups/rwr/joswong/CS230/VM-NET/data/video/008_back.mp4,people
/scratch/groups/rwr/joswong/CS230/VM-NET/data/video/009_frnt.mp4,reefs
/scratch/groups/rwr/joswong/CS230/VM-NET/data/video/011_frnt.mp4,snow2
/scratch/groups/rwr/joswong/CS230/VM-NET/data/video/012_frnt.mp4,horses
/scratch/groups/rwr/joswong/CS230/VM-NET/data/video/012_back.mp4,horses
/scratch/groups/rwr/joswong/CS230/VM-NET/data/video/014_frnt.mp4,ship
/scratch/groups/rwr/joswong/CS230/VM-NET/data/video/014_back.mp4,ship
/scratch/groups/rwr/joswong/CS230/VM-NET/data/video/015_frnt.mp4,gophers
/scratch/groups/rwr/joswong/CS230/VM-NET/data/video/015_back.mp4,gophers
/scratch/groups/rwr/joswong/CS230/VM-NET/data/video/016_frnt.mp4,clouds2
/scratch/groups/rwr/joswong/CS230/VM-NET/data/video/016_back.mp4,clouds2
/scratch/groups/rwr/joswong/CS230/VM-NET/data/video/017_frnt.mp4,greenmts
/scratch/groups/rwr/joswong/CS230/VM-NET/data/video/017_back.mp4,greenmts
/scratch/groups/rwr/joswong/CS230/VM-NET/data/video/018_frnt.mp4,desert3
/scratch/groups/rwr/joswong/CS230/VM-NET/data/video/019_frnt.mp4,safari
/scratch/groups/rwr/joswong/CS230/VM-NET/data/video/019_back.mp4,safari
/scratch/groups/rwr/joswong/CS230/VM-NET/data/video/020_frnt.mp4,hotair
/scratch/groups/rwr/joswong/CS230/VM-NET/data/video/021_frnt.mp4,penguins3
/scratch/groups/rwr/joswong/CS230/VM-NET/data/video/021_back.mp4,penguins3
/scratch/groups/rwr/joswong/CS230/VM-NET/data/video/024_frnt.mp4,nature5
/scratch/groups/rwr/joswong/CS230/VM-NET/data/video/025_frnt.mp4,camping2
/scratch/groups/rwr/joswong/CS230/VM-NET/data/video/026_frnt.mp4,octopus2
/scratch/groups/rwr/joswong/CS230/VM-NET/data/video/028_frnt.mp4,snake
/scratch/groups/rwr/joswong/CS230/VM-NET/data/video/029_frnt.mp4,snow12
/scratch/groups/rwr/joswong/CS230/VM-NET/data/video/029_back.mp4,snow12
/scratch/groups/rwr/joswong/CS230/VM-NET/data/video/032_frnt.mp4,sloth
/scratch/groups/rwr/joswong/CS230/VM-NET/data/video/032_back.mp4,sloth
/scratch/groups/rwr/joswong/CS230/VM-NET/data/video/034_frnt.mp4,fish
/scratch/groups/rwr/joswong/CS230/VM-NET/data/video/034_back.mp4,fish
/scratch/groups/rwr/joswong/CS230/VM-NET/data/video/036_frnt.mp4,birds2
/scratch/groups/rwr/joswong/CS230/VM-NET/data/video/039_frnt.mp4,otters
/scratch/groups/rwr/joswong/CS230/VM-NET/data/video/040_frnt.mp4,hiking5
/scratch/groups/rwr/joswong/CS230/VM-NET/data/video/040_back.mp4,hiking5
/scratch/groups/rwr/joswong/CS230/VM-NET/data/video/041_frnt.mp4,parrot
/scratch/groups/rwr/joswong/CS230/VM-NET/data/video/041_back.mp4,parrot
/scratch/groups/rwr/joswong/CS230/VM-NET/data/video/044_frnt.mp4,nepal2
/scratch/groups/rwr/joswong/CS230/VM-NET/data/video/045_frnt.mp4,fiash
/scratch/groups/rwr/joswong/CS230/VM-NET/data/video/045_back.mp4,fiash
/scratch/groups/rwr/joswong/CS230/VM-NET/data/video/046_frnt.mp4,mountains7
/scratch/groups/rwr/joswong/CS230/VM-NET/data/video/048_frnt.mp4,eagle2
/scratch/groups/rwr/joswong/CS230/VM-NET/data/video/048_back.mp4,eagle2
/scratch/groups/rwr/joswong/CS230/VM-NET/data/video/049_frnt.mp4,goats
/scratch/groups/rwr/joswong/CS230/VM-NET/data/video/049_back.mp4,goats
/scratch/groups/rwr/joswong/CS230/VM-NET/data/video/050_frnt.mp4,yosemite
/scratch/groups/rwr/joswong/CS230/VM-NET/data/video/050_back.mp4,yosemite
/scratch/groups/rwr/joswong/CS230/VM-NET/data/video/051_frnt.mp4,building4
/scratch/groups/rwr/joswong/CS230/VM-NET/data/video/052_frnt.mp4,flowers
/scratch/groups/rwr/joswong/CS230/VM-NET/data/video/053_frnt.mp4,hiking6
/scratch/groups/rwr/joswong/CS230/VM-NET/data/video/054_frnt.mp4,parrot4
/scratch/groups/rwr/joswong/CS230/VM-NET/data/video/054_back.mp4,parrot4
/scratch/groups/rwr/joswong/CS230/VM-NET/data/video/055_frnt.mp4,scuba
/scratch/groups/rwr/joswong/CS230/VM-NET/data/video/055_back.mp4,scuba
/scratch/groups/rwr/joswong/CS230/VM-NET/data/video/056_frnt.mp4,elephant2
/scratch/groups/rwr/joswong/CS230/VM-NET/data/video/057_frnt.mp4,owl3
/scratch/groups/rwr/joswong/CS230/VM-NET/data/video/057_back.mp4,owl3
/scratch/groups/rwr/joswong/CS230/VM-NET/data/video/058_frnt.mp4,playing
/scratch/groups/rwr/joswong/CS230/VM-NET/data/video/058_back.mp4,playing
/scratch/groups/rwr/joswong/CS230/VM-NET/data/video/059_frnt.mp4,toucan2
/scratch/groups/rwr/joswong/CS230/VM-NET/data/video/060_frnt.mp4,island3
/scratch/groups/rwr/joswong/CS230/VM-NET/data/video/062_frnt.mp4,whale14
/scratch/groups/rwr/joswong/CS230/VM-NET/data/video/062_back.mp4,whale14
/scratch/groups/rwr/joswong/CS230/VM-NET/data/video/063_frnt.mp4,butterflies
/scratch/groups/rwr/joswong/CS230/VM-NET/data/video/063_back.mp4,butterflies
/scratch/groups/rwr/joswong/CS230/VM-NET/data/video/064_frnt.mp4,celestial
/scratch/groups/rwr/joswong/CS230/VM-NET/data/video/064_back.mp4,celestial
/scratch/groups/rwr/joswong/CS230/VM-NET/data/video/066_frnt.mp4,flowers2
/scratch/groups/rwr/joswong/CS230/VM-NET/data/video/067_frnt.mp4,tadpoles2
/scratch/groups/rwr/joswong/CS230/VM-NET/data/video/067_back.mp4,tadpoles2
/scratch/groups/rwr/joswong/CS230/VM-NET/data/video/068_frnt.mp4,alps
/scratch/groups/rwr/joswong/CS230/VM-NET/data/video/070_frnt.mp4,mountaintops
/scratch/groups/rwr/joswong/CS230/VM-NET/data/video/072_frnt.mp4,polarbear3
/scratch/groups/rwr/joswong/CS230/VM-NET/data/video/072_back.mp4,polarbear3
/scratch/groups/rwr/joswong/CS230/VM-NET/data/video/074_frnt.mp4,waves8
/scratch/groups/rwr/joswong/CS230/VM-NET/data/video/074_back.mp4,waves8
/scratch/groups/rwr/joswong/CS230/VM-NET/data/video/075_frnt.mp4,fish2
/scratch/groups/rwr/joswong/CS230/VM-NET/data/video/075_back.mp4,fish2
/scratch/groups/rwr/joswong/CS230/VM-NET/data/video/076_frnt.mp4,mountains6
/scratch/groups/rwr/joswong/CS230/VM-NET/data/video/076_back.mp4,mountains6
/scratch/groups/rwr/joswong/CS230/VM-NET/data/video/077_frnt.mp4,horse3
/scratch/groups/rwr/joswong/CS230/VM-NET/data/video/077_back.mp4,horse3
/scratch/groups/rwr/joswong/CS230/VM-NET/data/video/082_frnt.mp4,ocean
/scratch/groups/rwr/joswong/CS230/VM-NET/data/video/084_frnt.mp4,travels
/scratch/groups/rwr/joswong/CS230/VM-NET/data/video/084_back.mp4,travels
/scratch/groups/rwr/joswong/CS230/VM-NET/data/video/085_frnt.mp4,bear
/scratch/groups/rwr/joswong/CS230/VM-NET/data/video/086_frnt.mp4,snow9
/scratch/groups/rwr/joswong/CS230/VM-NET/data/video/086_back.mp4,snow9
/scratch/groups/rwr/joswong/CS230/VM-NET/data/video/087_frnt.mp4,amphibian
/scratch/groups/rwr/joswong/CS230/VM-NET/data/video/087_back.mp4,amphibian
/scratch/groups/rwr/joswong/CS230/VM-NET/data/video/088_frnt.mp4,coral3
/scratch/groups/rwr/joswong/CS230/VM-NET/data/video/088_back.mp4,coral3
/scratch/groups/rwr/joswong/CS230/VM-NET/data/video/089_frnt.mp4,desert
/scratch/groups/rwr/joswong/CS230/VM-NET/data/video/089_back.mp4,desert
/scratch/groups/rwr/joswong/CS230/VM-NET/data/video/090_frnt.mp4,caterpillar
/scratch/groups/rwr/joswong/CS230/VM-NET/data/video/091_frnt.mp4,bear3
/scratch/groups/rwr/joswong/CS230/VM-NET/data/video/091_back.mp4,bear3
/scratch/groups/rwr/joswong/CS230/VM-NET/data/video/092_frnt.mp4,village2
/scratch/groups/rwr/joswong/CS230/VM-NET/data/video/092_back.mp4,village2
/scratch/groups/rwr/joswong/CS230/VM-NET/data/video/093_frnt.mp4,surfing
/scratch/groups/rwr/joswong/CS230/VM-NET/data/video/093_back.mp4,surfing
/scratch/groups/rwr/joswong/CS230/VM-NET/data/video/094_frnt.mp4,glaciers5
/scratch/groups/rwr/joswong/CS230/VM-NET/data/video/094_back.mp4,glaciers5
/scratch/groups/rwr/joswong/CS230/VM-NET/data/video/095_frnt.mp4,art
/scratch/groups/rwr/joswong/CS230/VM-NET/data/video/095_back.mp4,art
/scratch/groups/rwr/joswong/CS230/VM-NET/data/video/096_frnt.mp4,snowboarding3
/scratch/groups/rwr/joswong/CS230/VM-NET/data/video/098_frnt.mp4,fish7
/scratch/groups/rwr/joswong/CS230/VM-NET/data/video/099_frnt.mp4,coral4
/scratch/groups/rwr/joswong/CS230/VM-NET/data/video/100_frnt.mp4,tidepool
/scratch/groups/rwr/joswong/CS230/VM-NET/data/video/100_back.mp4,tidepool
/scratch/groups/rwr/joswong/CS230/VM-NET/data/video/102_frnt.mp4,mountain2
/scratch/groups/rwr/joswong/CS230/VM-NET/data/video/103_frnt.mp4,fly
/scratch/groups/rwr/joswong/CS230/VM-NET/data/video/105_frnt.mp4,waves2
/scratch/groups/rwr/joswong/CS230/VM-NET/data/video/105_back.mp4,waves2
/scratch/groups/rwr/joswong/CS230/VM-NET/data/video/106_frnt.mp4,whale4
/scratch/groups/rwr/joswong/CS230/VM-NET/data/video/106_back.mp4,whale4
/scratch/groups/rwr/joswong/CS230/VM-NET/data/video/107_frnt.mp4,wolf2
/scratch/groups/rwr/joswong/CS230/VM-NET/data/video/107_back.mp4,wolf2
/scratch/groups/rwr/joswong/CS230/VM-NET/data/video/108_frnt.mp4,wolf
/scratch/groups/rwr/joswong/CS230/VM-NET/data/video/108_back.mp4,wolf
/scratch/groups/rwr/joswong/CS230/VM-NET/data/video/109_frnt.mp4,safari3
/scratch/groups/rwr/joswong/CS230/VM-NET/data/video/110_frnt.mp4,lightning
/scratch/groups/rwr/joswong/CS230/VM-NET/data/video/113_frnt.mp4,hiking8
/scratch/groups/rwr/joswong/CS230/VM-NET/data/video/114_frnt.mp4,penguins
/scratch/groups/rwr/joswong/CS230/VM-NET/data/video/114_back.mp4,penguins
/scratch/groups/rwr/joswong/CS230/VM-NET/data/video/115_frnt.mp4,river2
/scratch/groups/rwr/joswong/CS230/VM-NET/data/video/116_frnt.mp4,shark
/scratch/groups/rwr/joswong/CS230/VM-NET/data/video/117_frnt.mp4,nepal
/scratch/groups/rwr/joswong/CS230/VM-NET/data/video/119_frnt.mp4,mountains8
/scratch/groups/rwr/joswong/CS230/VM-NET/data/video/120_frnt.mp4,snow13
/scratch/groups/rwr/joswong/CS230/VM-NET/data/video/122_frnt.mp4,mountaineer
/scratch/groups/rwr/joswong/CS230/VM-NET/data/video/122_back.mp4,mountaineer
/scratch/groups/rwr/joswong/CS230/VM-NET/data/video/123_frnt.mp4,people6
/scratch/groups/rwr/joswong/CS230/VM-NET/data/video/125_frnt.mp4,boats2
/scratch/groups/rwr/joswong/CS230/VM-NET/data/video/126_frnt.mp4,ocean2
/scratch/groups/rwr/joswong/CS230/VM-NET/data/video/127_frnt.mp4,tightrope
/scratch/groups/rwr/joswong/CS230/VM-NET/data/video/128_frnt.mp4,whale10
/scratch/groups/rwr/joswong/CS230/VM-NET/data/video/130_frnt.mp4,kangaroo
/scratch/groups/rwr/joswong/CS230/VM-NET/data/video/131_frnt.mp4,mountains2
/scratch/groups/rwr/joswong/CS230/VM-NET/data/video/131_back.mp4,mountains2
/scratch/groups/rwr/joswong/CS230/VM-NET/data/video/132_frnt.mp4,waves
/scratch/groups/rwr/joswong/CS230/VM-NET/data/video/132_back.mp4,waves
/scratch/groups/rwr/joswong/CS230/VM-NET/data/video/133_frnt.mp4,stingray4
/scratch/groups/rwr/joswong/CS230/VM-NET/data/video/135_frnt.mp4,animals
/scratch/groups/rwr/joswong/CS230/VM-NET/data/video/136_frnt.mp4,people3
/scratch/groups/rwr/joswong/CS230/VM-NET/data/video/137_frnt.mp4,whale
/scratch/groups/rwr/joswong/CS230/VM-NET/data/video/137_back.mp4,whale
/scratch/groups/rwr/joswong/CS230/VM-NET/data/video/138_frnt.mp4,turtle
/scratch/groups/rwr/joswong/CS230/VM-NET/data/video/138_back.mp4,turtle
/scratch/groups/rwr/joswong/CS230/VM-NET/data/video/139_frnt.mp4,butterflies3
/scratch/groups/rwr/joswong/CS230/VM-NET/data/video/139_back.mp4,butterflies3
/scratch/groups/rwr/joswong/CS230/VM-NET/data/video/140_frnt.mp4,turtle5
/scratch/groups/rwr/joswong/CS230/VM-NET/data/video/140_back.mp4,turtle5
/scratch/groups/rwr/joswong/CS230/VM-NET/data/video/141_frnt.mp4,jungle
/scratch/groups/rwr/joswong/CS230/VM-NET/data/video/142_frnt.mp4,flamingo
/scratch/groups/rwr/joswong/CS230/VM-NET/data/video/142_back.mp4,flamingo
/scratch/groups/rwr/joswong/CS230/VM-NET/data/video/143_frnt.mp4,snowboarding2
/scratch/groups/rwr/joswong/CS230/VM-NET/data/video/143_back.mp4,snowboarding2
/scratch/groups/rwr/joswong/CS230/VM-NET/data/video/145_frnt.mp4,ladybugs
/scratch/groups/rwr/joswong/CS230/VM-NET/data/video/145_back.mp4,ladybugs
/scratch/groups/rwr/joswong/CS230/VM-NET/data/video/146_frnt.mp4,rabbit
/scratch/groups/rwr/joswong/CS230/VM-NET/data/video/146_back.mp4,rabbit
/scratch/groups/rwr/joswong/CS230/VM-NET/data/video/148_frnt.mp4,alps2
/scratch/groups/rwr/joswong/CS230/VM-NET/data/video/149_frnt.mp4,elephenats
/scratch/groups/rwr/joswong/CS230/VM-NET/data/video/149_back.mp4,elephenats
/scratch/groups/rwr/joswong/CS230/VM-NET/data/video/150_frnt.mp4,whale5
/scratch/groups/rwr/joswong/CS230/VM-NET/data/video/151_frnt.mp4,bees
/scratch/groups/rwr/joswong/CS230/VM-NET/data/video/152_frnt.mp4,otter
/scratch/groups/rwr/joswong/CS230/VM-NET/data/video/152_back.mp4,otter
/scratch/groups/rwr/joswong/CS230/VM-NET/data/video/153_frnt.mp4,river3
/scratch/groups/rwr/joswong/CS230/VM-NET/data/video/155_frnt.mp4,leopard3
/scratch/groups/rwr/joswong/CS230/VM-NET/data/video/155_back.mp4,leopard3
/scratch/groups/rwr/joswong/CS230/VM-NET/data/video/157_frnt.mp4,redwoods
/scratch/groups/rwr/joswong/CS230/VM-NET/data/video/157_back.mp4,redwoods
/scratch/groups/rwr/joswong/CS230/VM-NET/data/video/159_frnt.mp4,whale16
/scratch/groups/rwr/joswong/CS230/VM-NET/data/video/159_back.mp4,whale16
/scratch/groups/rwr/joswong/CS230/VM-NET/data/video/161_frnt.mp4,sunset2
/scratch/groups/rwr/joswong/CS230/VM-NET/data/video/161_back.mp4,sunset2
/scratch/groups/rwr/joswong/CS230/VM-NET/data/video/162_frnt.mp4,deer4
/scratch/groups/rwr/joswong/CS230/VM-NET/data/video/163_frnt.mp4,bear2
/scratch/groups/rwr/joswong/CS230/VM-NET/data/video/163_back.mp4,bear2
/scratch/groups/rwr/joswong/CS230/VM-NET/data/video/164_frnt.mp4,village3
/scratch/groups/rwr/joswong/CS230/VM-NET/data/video/165_frnt.mp4,waterfall6
/scratch/groups/rwr/joswong/CS230/VM-NET/data/video/166_frnt.mp4,fish3
/scratch/groups/rwr/joswong/CS230/VM-NET/data/video/166_back.mp4,fish3
/scratch/groups/rwr/joswong/CS230/VM-NET/data/video/167_frnt.mp4,sculptures
/scratch/groups/rwr/joswong/CS230/VM-NET/data/video/167_back.mp4,sculptures
/scratch/groups/rwr/joswong/CS230/VM-NET/data/video/171_frnt.mp4,waterfall3
/scratch/groups/rwr/joswong/CS230/VM-NET/data/video/171_back.mp4,waterfall3
/scratch/groups/rwr/joswong/CS230/VM-NET/data/video/172_frnt.mp4,fields
/scratch/groups/rwr/joswong/CS230/VM-NET/data/video/174_frnt.mp4,birds3
/scratch/groups/rwr/joswong/CS230/VM-NET/data/video/174_back.mp4,birds3
/scratch/groups/rwr/joswong/CS230/VM-NET/data/video/175_frnt.mp4,shark3
/scratch/groups/rwr/joswong/CS230/VM-NET/data/video/177_frnt.mp4,drive2
/scratch/groups/rwr/joswong/CS230/VM-NET/data/video/179_frnt.mp4,patterns
/scratch/groups/rwr/joswong/CS230/VM-NET/data/video/179_back.mp4,patterns
/scratch/groups/rwr/joswong/CS230/VM-NET/data/video/180_frnt.mp4,preying
/scratch/groups/rwr/joswong/CS230/VM-NET/data/video/180_back.mp4,preying
/scratch/groups/rwr/joswong/CS230/VM-NET/data/video/181_frnt.mp4,parrots2
/scratch/groups/rwr/joswong/CS230/VM-NET/data/video/181_back.mp4,parrots2
/scratch/groups/rwr/joswong/CS230/VM-NET/data/video/182_frnt.mp4,fish9
/scratch/groups/rwr/joswong/CS230/VM-NET/data/video/182_back.mp4,fish9
/scratch/groups/rwr/joswong/CS230/VM-NET/data/video/183_frnt.mp4,snow15
/scratch/groups/rwr/joswong/CS230/VM-NET/data/video/185_frnt.mp4,eruption
/scratch/groups/rwr/joswong/CS230/VM-NET/data/video/185_back.mp4,eruption
/scratch/groups/rwr/joswong/CS230/VM-NET/data/video/187_frnt.mp4,tunnels2
/scratch/groups/rwr/joswong/CS230/VM-NET/data/video/187_back.mp4,tunnels2
/scratch/groups/rwr/joswong/CS230/VM-NET/data/video/189_frnt.mp4,diving
/scratch/groups/rwr/joswong/CS230/VM-NET/data/video/189_back.mp4,diving
/scratch/groups/rwr/joswong/CS230/VM-NET/data/video/190_frnt.mp4,aurora
/scratch/groups/rwr/joswong/CS230/VM-NET/data/video/191_frnt.mp4,foxes
/scratch/groups/rwr/joswong/CS230/VM-NET/data/video/192_frnt.mp4,volcano3
/scratch/groups/rwr/joswong/CS230/VM-NET/data/video/192_back.mp4,volcano3
/scratch/groups/rwr/joswong/CS230/VM-NET/data/video/194_frnt.mp4,bungee
/scratch/groups/rwr/joswong/CS230/VM-NET/data/video/194_back.mp4,bungee
/scratch/groups/rwr/joswong/CS230/VM-NET/data/video/196_frnt.mp4,chicken
/scratch/groups/rwr/joswong/CS230/VM-NET/data/video/196_back.mp4,chicken
/scratch/groups/rwr/joswong/CS230/VM-NET/data/video/198_frnt.mp4,people8
/scratch/groups/rwr/joswong/CS230/VM-NET/data/video/198_back.mp4,people8
/scratch/groups/rwr/joswong/CS230/VM-NET/data/video/199_frnt.mp4,butterfly
/scratch/groups/rwr/joswong/CS230/VM-NET/data/video/199_back.mp4,butterfly
/scratch/groups/rwr/joswong/CS230/VM-NET/data/video/201_frnt.mp4,mountains4
/scratch/groups/rwr/joswong/CS230/VM-NET/data/video/204_frnt.mp4,whale13
/scratch/groups/rwr/joswong/CS230/VM-NET/data/video/204_back.mp4,whale13
/scratch/groups/rwr/joswong/CS230/VM-NET/data/video/205_frnt.mp4,turtle3
/scratch/groups/rwr/joswong/CS230/VM-NET/data/video/205_back.mp4,turtle3
/scratch/groups/rwr/joswong/CS230/VM-NET/data/video/207_frnt.mp4,snow16
/scratch/groups/rwr/joswong/CS230/VM-NET/data/video/210_frnt.mp4,squirrel
/scratch/groups/rwr/joswong/CS230/VM-NET/data/video/210_back.mp4,squirrel
/scratch/groups/rwr/joswong/CS230/VM-NET/data/video/211_frnt.mp4,giraffe2
/scratch/groups/rwr/joswong/CS230/VM-NET/data/video/211_back.mp4,giraffe2
/scratch/groups/rwr/joswong/CS230/VM-NET/data/video/212_frnt.mp4,lion
/scratch/groups/rwr/joswong/CS230/VM-NET/data/video/212_back.mp4,lion
/scratch/groups/rwr/joswong/CS230/VM-NET/data/video/213_frnt.mp4,city
/scratch/groups/rwr/joswong/CS230/VM-NET/data/video/214_frnt.mp4,waterfall
/scratch/groups/rwr/joswong/CS230/VM-NET/data/video/214_back.mp4,waterfall
/scratch/groups/rwr/joswong/CS230/VM-NET/data/video/215_frnt.mp4,firefalls
/scratch/groups/rwr/joswong/CS230/VM-NET/data/video/215_back.mp4,firefalls
/scratch/groups/rwr/joswong/CS230/VM-NET/data/video/216_frnt.mp4,coral8
/scratch/groups/rwr/joswong/CS230/VM-NET/data/video/217_frnt.mp4,baby
/scratch/groups/rwr/joswong/CS230/VM-NET/data/video/218_frnt.mp4,leopard2
/scratch/groups/rwr/joswong/CS230/VM-NET/data/video/219_frnt.mp4,hiking3
/scratch/groups/rwr/joswong/CS230/VM-NET/data/video/219_back.mp4,hiking3
/scratch/groups/rwr/joswong/CS230/VM-NET/data/video/221_frnt.mp4,scuba3
/scratch/groups/rwr/joswong/CS230/VM-NET/data/video/222_frnt.mp4,polarbear4
/scratch/groups/rwr/joswong/CS230/VM-NET/data/video/222_back.mp4,polarbear4
/scratch/groups/rwr/joswong/CS230/VM-NET/data/video/224_frnt.mp4,clouds
/scratch/groups/rwr/joswong/CS230/VM-NET/data/video/225_frnt.mp4,stingray3
/scratch/groups/rwr/joswong/CS230/VM-NET/data/video/226_frnt.mp4,tunnel2
/scratch/groups/rwr/joswong/CS230/VM-NET/data/video/226_back.mp4,tunnel2
/scratch/groups/rwr/joswong/CS230/VM-NET/data/video/227_frnt.mp4,trees
/scratch/groups/rwr/joswong/CS230/VM-NET/data/video/228_frnt.mp4,penguin3
/scratch/groups/rwr/joswong/CS230/VM-NET/data/video/229_frnt.mp4,waterfall2
/scratch/groups/rwr/joswong/CS230/VM-NET/data/video/231_frnt.mp4,turtle4
/scratch/groups/rwr/joswong/CS230/VM-NET/data/video/231_back.mp4,turtle4
/scratch/groups/rwr/joswong/CS230/VM-NET/data/video/234_frnt.mp4,hiking2
/scratch/groups/rwr/joswong/CS230/VM-NET/data/video/234_back.mp4,hiking2
/scratch/groups/rwr/joswong/CS230/VM-NET/data/video/235_frnt.mp4,reindeer
/scratch/groups/rwr/joswong/CS230/VM-NET/data/video/238_frnt.mp4,jellyfish3
/scratch/groups/rwr/joswong/CS230/VM-NET/data/video/238_back.mp4,jellyfish3
/scratch/groups/rwr/joswong/CS230/VM-NET/data/video/239_frnt.mp4,kangaroo2
/scratch/groups/rwr/joswong/CS230/VM-NET/data/video/239_back.mp4,kangaroo2
/scratch/groups/rwr/joswong/CS230/VM-NET/data/video/240_frnt.mp4,giraffe
/scratch/groups/rwr/joswong/CS230/VM-NET/data/video/240_back.mp4,giraffe
/scratch/groups/rwr/joswong/CS230/VM-NET/data/video/241_frnt.mp4,coral7
/scratch/groups/rwr/joswong/CS230/VM-NET/data/video/242_frnt.mp4,mountains10
/scratch/groups/rwr/joswong/CS230/VM-NET/data/video/243_frnt.mp4,nature4
/scratch/groups/rwr/joswong/CS230/VM-NET/data/video/243_back.mp4,nature4
/scratch/groups/rwr/joswong/CS230/VM-NET/data/video/244_frnt.mp4,leopard
/scratch/groups/rwr/joswong/CS230/VM-NET/data/video/244_back.mp4,leopard
/scratch/groups/rwr/joswong/CS230/VM-NET/data/video/245_frnt.mp4,people5
/scratch/groups/rwr/joswong/CS230/VM-NET/data/video/245_back.mp4,people5
/scratch/groups/rwr/joswong/CS230/VM-NET/data/video/246_frnt.mp4,city2
/scratch/groups/rwr/joswong/CS230/VM-NET/data/video/246_back.mp4,city2
/scratch/groups/rwr/joswong/CS230/VM-NET/data/video/247_frnt.mp4,peacock
/scratch/groups/rwr/joswong/CS230/VM-NET/data/video/247_back.mp4,peacock
/scratch/groups/rwr/joswong/CS230/VM-NET/data/video/249_frnt.mp4,scuba2
/scratch/groups/rwr/joswong/CS230/VM-NET/data/video/249_back.mp4,scuba2
/scratch/groups/rwr/joswong/CS230/VM-NET/data/video/250_frnt.mp4,snow10
/scratch/groups/rwr/joswong/CS230/VM-NET/data/video/251_frnt.mp4,bear6
/scratch/groups/rwr/joswong/CS230/VM-NET/data/video/253_frnt.mp4,horse
/scratch/groups/rwr/joswong/CS230/VM-NET/data/video/254_frnt.mp4,safari2
/scratch/groups/rwr/joswong/CS230/VM-NET/data/video/254_back.mp4,safari2
/scratch/groups/rwr/joswong/CS230/VM-NET/data/video/258_frnt.mp4,ocean3
/scratch/groups/rwr/joswong/CS230/VM-NET/data/video/258_back.mp4,ocean3
/scratch/groups/rwr/joswong/CS230/VM-NET/data/video/259_frnt.mp4,crabs
/scratch/groups/rwr/joswong/CS230/VM-NET/data/video/259_back.mp4,crabs
/scratch/groups/rwr/joswong/CS230/VM-NET/data/video/262_frnt.mp4,whale15
/scratch/groups/rwr/joswong/CS230/VM-NET/data/video/262_back.mp4,whale15
/scratch/groups/rwr/joswong/CS230/VM-NET/data/video/263_frnt.mp4,penguin
/scratch/groups/rwr/joswong/CS230/VM-NET/data/video/263_back.mp4,penguin
/scratch/groups/rwr/joswong/CS230/VM-NET/data/video/265_frnt.mp4,lake3
/scratch/groups/rwr/joswong/CS230/VM-NET/data/video/267_frnt.mp4,airplane
/scratch/groups/rwr/joswong/CS230/VM-NET/data/video/267_back.mp4,airplane
/scratch/groups/rwr/joswong/CS230/VM-NET/data/video/268_frnt.mp4,whale11
/scratch/groups/rwr/joswong/CS230/VM-NET/data/video/268_back.mp4,whale11
/scratch/groups/rwr/joswong/CS230/VM-NET/data/video/269_frnt.mp4,island6
/scratch/groups/rwr/joswong/CS230/VM-NET/data/video/269_back.mp4,island6
/scratch/groups/rwr/joswong/CS230/VM-NET/data/video/270_frnt.mp4,monkey
/scratch/groups/rwr/joswong/CS230/VM-NET/data/video/270_back.mp4,monkey
/scratch/groups/rwr/joswong/CS230/VM-NET/data/video/271_frnt.mp4,tundra
/scratch/groups/rwr/joswong/CS230/VM-NET/data/video/271_back.mp4,tundra
/scratch/groups/rwr/joswong/CS230/VM-NET/data/video/272_frnt.mp4,horse2
/scratch/groups/rwr/joswong/CS230/VM-NET/data/video/272_back.mp4,horse2
/scratch/groups/rwr/joswong/CS230/VM-NET/data/video/273_frnt.mp4,coral6
/scratch/groups/rwr/joswong/CS230/VM-NET/data/video/274_frnt.mp4,deer
/scratch/groups/rwr/joswong/CS230/VM-NET/data/video/274_back.mp4,deer
/scratch/groups/rwr/joswong/CS230/VM-NET/data/video/276_frnt.mp4,tunnel
/scratch/groups/rwr/joswong/CS230/VM-NET/data/video/277_frnt.mp4,island5
/scratch/groups/rwr/joswong/CS230/VM-NET/data/video/278_frnt.mp4,spider
/scratch/groups/rwr/joswong/CS230/VM-NET/data/video/278_back.mp4,spider
/scratch/groups/rwr/joswong/CS230/VM-NET/data/video/279_frnt.mp4,otters2
/scratch/groups/rwr/joswong/CS230/VM-NET/data/video/280_frnt.mp4,toucan
/scratch/groups/rwr/joswong/CS230/VM-NET/data/video/281_frnt.mp4,stingray
/scratch/groups/rwr/joswong/CS230/VM-NET/data/video/282_frnt.mp4,shipsunset
/scratch/groups/rwr/joswong/CS230/VM-NET/data/video/282_back.mp4,shipsunset
/scratch/groups/rwr/joswong/CS230/VM-NET/data/video/283_frnt.mp4,mountain
/scratch/groups/rwr/joswong/CS230/VM-NET/data/video/284_frnt.mp4,waves3
/scratch/groups/rwr/joswong/CS230/VM-NET/data/video/285_frnt.mp4,tadpoles
/scratch/groups/rwr/joswong/CS230/VM-NET/data/video/285_back.mp4,tadpoles
/scratch/groups/rwr/joswong/CS230/VM-NET/data/video/286_frnt.mp4,bees2
/scratch/groups/rwr/joswong/CS230/VM-NET/data/video/286_back.mp4,bees2
/scratch/groups/rwr/joswong/CS230/VM-NET/data/video/289_frnt.mp4,tropical2
/scratch/groups/rwr/joswong/CS230/VM-NET/data/video/289_back.mp4,tropical2
/scratch/groups/rwr/joswong/CS230/VM-NET/data/video/291_frnt.mp4,penguin4
/scratch/groups/rwr/joswong/CS230/VM-NET/data/video/293_frnt.mp4,deer3
/scratch/groups/rwr/joswong/CS230/VM-NET/data/video/293_back.mp4,deer3
/scratch/groups/rwr/joswong/CS230/VM-NET/data/video/294_frnt.mp4,people2
/scratch/groups/rwr/joswong/CS230/VM-NET/data/video/295_frnt.mp4,costarica
/scratch/groups/rwr/joswong/CS230/VM-NET/data/video/295_back.mp4,costarica
/scratch/groups/rwr/joswong/CS230/VM-NET/data/video/298_frnt.mp4,pier
/scratch/groups/rwr/joswong/CS230/VM-NET/data/video/298_back.mp4,pier
/scratch/groups/rwr/joswong/CS230/VM-NET/data/video/299_frnt.mp4,whale9
/scratch/groups/rwr/joswong/CS230/VM-NET/data/video/299_back.mp4,whale9
/scratch/groups/rwr/joswong/CS230/VM-NET/data/video/300_frnt.mp4,island
/scratch/groups/rwr/joswong/CS230/VM-NET/data/video/300_back.mp4,island
/scratch/groups/rwr/joswong/CS230/VM-NET/data/video/301_frnt.mp4,coral5
/scratch/groups/rwr/joswong/CS230/VM-NET/data/video/304_frnt.mp4,scuba5
/scratch/groups/rwr/joswong/CS230/VM-NET/data/video/304_back.mp4,scuba5
/scratch/groups/rwr/joswong/CS230/VM-NET/data/video/305_frnt.mp4,slug
/scratch/groups/rwr/joswong/CS230/VM-NET/data/video/307_frnt.mp4,waterfall7
/scratch/groups/rwr/joswong/CS230/VM-NET/data/video/307_back.mp4,waterfall7
/scratch/groups/rwr/joswong/CS230/VM-NET/data/video/309_frnt.mp4,polarbear
/scratch/groups/rwr/joswong/CS230/VM-NET/data/video/309_back.mp4,polarbear
/scratch/groups/rwr/joswong/CS230/VM-NET/data/video/310_frnt.mp4,waves4
/scratch/groups/rwr/joswong/CS230/VM-NET/data/video/310_back.mp4,waves4
/scratch/groups/rwr/joswong/CS230/VM-NET/data/video/311_frnt.mp4,waterfall4
/scratch/groups/rwr/joswong/CS230/VM-NET/data/video/312_frnt.mp4,rocks
/scratch/groups/rwr/joswong/CS230/VM-NET/data/video/312_back.mp4,rocks
/scratch/groups/rwr/joswong/CS230/VM-NET/data/video/313_frnt.mp4,stingray2
/scratch/groups/rwr/joswong/CS230/VM-NET/data/video/314_frnt.mp4,sanfrancisco
/scratch/groups/rwr/joswong/CS230/VM-NET/data/video/314_back.mp4,sanfrancisco
/scratch/groups/rwr/joswong/CS230/VM-NET/data/video/316_frnt.mp4,nightsky
/scratch/groups/rwr/joswong/CS230/VM-NET/data/video/317_frnt.mp4,sled
/scratch/groups/rwr/joswong/CS230/VM-NET/data/video/317_back.mp4,sled
/scratch/groups/rwr/joswong/CS230/VM-NET/data/video/318_frnt.mp4,encounter
/scratch/groups/rwr/joswong/CS230/VM-NET/data/video/318_back.mp4,encounter
/scratch/groups/rwr/joswong/CS230/VM-NET/data/video/320_frnt.mp4,desert2
/scratch/groups/rwr/joswong/CS230/VM-NET/data/video/320_back.mp4,desert2
/scratch/groups/rwr/joswong/CS230/VM-NET/data/video/322_frnt.mp4,birds4
/scratch/groups/rwr/joswong/CS230/VM-NET/data/video/322_back.mp4,birds4
/scratch/groups/rwr/joswong/CS230/VM-NET/data/video/323_frnt.mp4,snow14
/scratch/groups/rwr/joswong/CS230/VM-NET/data/video/324_frnt.mp4,jellyfish
/scratch/groups/rwr/joswong/CS230/VM-NET/data/video/327_frnt.mp4,ships
/scratch/groups/rwr/joswong/CS230/VM-NET/data/video/327_back.mp4,ships
/scratch/groups/rwr/joswong/CS230/VM-NET/data/video/328_frnt.mp4,volcano2
/scratch/groups/rwr/joswong/CS230/VM-NET/data/video/328_back.mp4,volcano2
/scratch/groups/rwr/joswong/CS230/VM-NET/data/video/332_frnt.mp4,penguins2
/scratch/groups/rwr/joswong/CS230/VM-NET/data/video/332_back.mp4,penguins2
/scratch/groups/rwr/joswong/CS230/VM-NET/data/video/333_frnt.mp4,hiking4
/scratch/groups/rwr/joswong/CS230/VM-NET/data/video/333_back.mp4,hiking4
/scratch/groups/rwr/joswong/CS230/VM-NET/data/video/334_frnt.mp4,parrots3
/scratch/groups/rwr/joswong/CS230/VM-NET/data/video/334_back.mp4,parrots3
/scratch/groups/rwr/joswong/CS230/VM-NET/data/video/336_frnt.mp4,trees2
/scratch/groups/rwr/joswong/CS230/VM-NET/data/video/339_frnt.mp4,paragliding
/scratch/groups/rwr/joswong/CS230/VM-NET/data/video/341_frnt.mp4,tightrope2
/scratch/groups/rwr/joswong/CS230/VM-NET/data/video/341_back.mp4,tightrope2
/scratch/groups/rwr/joswong/CS230/VM-NET/data/video/342_frnt.mp4,waterfall9
/scratch/groups/rwr/joswong/CS230/VM-NET/data/video/342_back.mp4,waterfall9
/scratch/groups/rwr/joswong/CS230/VM-NET/data/video/344_frnt.mp4,crocodile
/scratch/groups/rwr/joswong/CS230/VM-NET/data/video/345_frnt.mp4,fish8
/scratch/groups/rwr/joswong/CS230/VM-NET/data/video/345_back.mp4,fish8
/scratch/groups/rwr/joswong/CS230/VM-NET/data/video/346_frnt.mp4,glacier6
/scratch/groups/rwr/joswong/CS230/VM-NET/data/video/347_frnt.mp4,predator
/scratch/groups/rwr/joswong/CS230/VM-NET/data/video/347_back.mp4,predator
/scratch/groups/rwr/joswong/CS230/VM-NET/data/video/351_frnt.mp4,coral10
/scratch/groups/rwr/joswong/CS230/VM-NET/data/video/352_frnt.mp4,eyes
/scratch/groups/rwr/joswong/CS230/VM-NET/data/video/355_frnt.mp4,drive
/scratch/groups/rwr/joswong/CS230/VM-NET/data/video/355_back.mp4,drive
/scratch/groups/rwr/joswong/CS230/VM-NET/data/video/356_frnt.mp4,glaciers
/scratch/groups/rwr/joswong/CS230/VM-NET/data/video/356_back.mp4,glaciers
/scratch/groups/rwr/joswong/CS230/VM-NET/data/video/358_frnt.mp4,glaciers2
/scratch/groups/rwr/joswong/CS230/VM-NET/data/video/358_back.mp4,glaciers2
/scratch/groups/rwr/joswong/CS230/VM-NET/data/video/359_frnt.mp4,tidepool2
/scratch/groups/rwr/joswong/CS230/VM-NET/data/video/360_frnt.mp4,pyramid
/scratch/groups/rwr/joswong/CS230/VM-NET/data/video/360_back.mp4,pyramid
/scratch/groups/rwr/joswong/CS230/VM-NET/data/video/362_frnt.mp4,hurricane
/scratch/groups/rwr/joswong/CS230/VM-NET/data/video/364_frnt.mp4,owl2
/scratch/groups/rwr/joswong/CS230/VM-NET/data/video/364_back.mp4,owl2
/scratch/groups/rwr/joswong/CS230/VM-NET/data/video/369_frnt.mp4,sky
/scratch/groups/rwr/joswong/CS230/VM-NET/data/video/370_frnt.mp4,whale7
/scratch/groups/rwr/joswong/CS230/VM-NET/data/video/370_back.mp4,whale7
/scratch/groups/rwr/joswong/CS230/VM-NET/data/video/371_frnt.mp4,diving2
/scratch/groups/rwr/joswong/CS230/VM-NET/data/video/372_frnt.mp4,tropical
/scratch/groups/rwr/joswong/CS230/VM-NET/data/video/373_frnt.mp4,iguana
/scratch/groups/rwr/joswong/CS230/VM-NET/data/video/374_frnt.mp4,baby2
/scratch/groups/rwr/joswong/CS230/VM-NET/data/video/374_back.mp4,baby2
/scratch/groups/rwr/joswong/CS230/VM-NET/data/video/376_frnt.mp4,whale8
/scratch/groups/rwr/joswong/CS230/VM-NET/data/video/377_frnt.mp4,tornado
/scratch/groups/rwr/joswong/CS230/VM-NET/data/video/377_back.mp4,tornado
/scratch/groups/rwr/joswong/CS230/VM-NET/data/video/378_frnt.mp4,rhino
/scratch/groups/rwr/joswong/CS230/VM-NET/data/video/378_back.mp4,rhino
/scratch/groups/rwr/joswong/CS230/VM-NET/data/video/379_frnt.mp4,whale6
/scratch/groups/rwr/joswong/CS230/VM-NET/data/video/379_back.mp4,whale6
/scratch/groups/rwr/joswong/CS230/VM-NET/data/video/381_frnt.mp4,owl
/scratch/groups/rwr/joswong/CS230/VM-NET/data/video/382_frnt.mp4,building
/scratch/groups/rwr/joswong/CS230/VM-NET/data/video/383_frnt.mp4,island2
/scratch/groups/rwr/joswong/CS230/VM-NET/data/video/383_back.mp4,island2
/scratch/groups/rwr/joswong/CS230/VM-NET/data/video/385_frnt.mp4,exploring
/scratch/groups/rwr/joswong/CS230/VM-NET/data/video/385_back.mp4,exploring
/scratch/groups/rwr/joswong/CS230/VM-NET/data/video/386_frnt.mp4,whale2
/scratch/groups/rwr/joswong/CS230/VM-NET/data/video/387_frnt.mp4,seal
/scratch/groups/rwr/joswong/CS230/VM-NET/data/video/387_back.mp4,seal
/scratch/groups/rwr/joswong/CS230/VM-NET/data/video/388_frnt.mp4,sculpture
/scratch/groups/rwr/joswong/CS230/VM-NET/data/video/388_back.mp4,sculpture
/scratch/groups/rwr/joswong/CS230/VM-NET/data/video/389_frnt.mp4,lake2
/scratch/groups/rwr/joswong/CS230/VM-NET/data/video/390_frnt.mp4,hiking
/scratch/groups/rwr/joswong/CS230/VM-NET/data/video/391_frnt.mp4,jellyfish2
/scratch/groups/rwr/joswong/CS230/VM-NET/data/video/396_frnt.mp4,snowboarding
/scratch/groups/rwr/joswong/CS230/VM-NET/data/video/396_back.mp4,snowboarding
